{
	"id": "Post Card Video Landing",
	"name": "Post Card Video Landing", 
	"mobile": true, 
 	"notes": "version 1.129", 
	"syntax": 4, 
	"version": 1.129,
	"style": {
		"html": "",
		"replacements": [



         {
              "type": "color",
              "name": "Body Page Bg",
              "find": "#DDD"
          },
        {
              "type": "color",
              "name": "Inner Page Bg",
              "find": "#fffffe"
          },


        {
              "type": "color",
              "name": "Header Link",
              "find": "#656564"
          },

       {
              "type": "color",
              "name": "section1Right Headline",
              "find": "#C00A13"
          },
           {
              "type": "color",
              "name": "section2 Headline",
              "find": "#C00"
          },
          {
              "type": "color",
              "name": "sectionn6a Border",
              "find": "#808080"
          },
          {
              "type": "color",
              "name": "sectionn6a bg color",
              "find": "#9C0202"
          },
           {
              "type": "color",
              "name": "section6 Images border color",
              "find": "#c4c4c4"
          }




		]
	},

	"form": {
        "title": {
            "css": {
                "font-family": "Helvetica, Arial, sans-serif",
                "font-size": "18pt;",
                "letter-spacing": "0em;"
            },
            "html": "<strong>Enter your email address below to reserve _______... it's 100% FREE!</strong>"
        },
        "submit": {
            "css": {
                "background-color": "#ffcb01;",
                "border-color": "#ffb403;",
                "border-width": "0pt;",
                "border-style": "solid;",
                "font-family": "Helvetica, Arial, sans-serif",
                "font-size": "14pt;",
                "letter-spacing": "0em;"
            },
            "html": "Free Instant Access &raquo;"
        },
        "privacy": {
            "css": {
                "font-family": "Helvetica, Arial, sans-serif",
                "font-size": "12pt;",
                "letter-spacing": "0em;"
            },
            "html": "<div><i class=\"icon-lock\"></i>We hate SPAM and promise to keep your email address safe. </div>"
        }
    },


 "variables": {
    "plusPeriod": {
          "variable": "plusPeriod",
          "default": "2"
          
    },
    "periodMeasure": {
          "variable": "periodMeasure",
          "default": "days"
          
    }
},





	"elements": [
		
        {
      "id": "header",
      "name": "Header Container",
      "type": "container"
        },
         {
      "id": "section1",
      "name": "section1 Container",
      "type": "container"
        },
         {
      "id": "section1Left",
      "name": "section1Left Container",
      "type": "container"
        },
         {
      "id": "section1Right",
      "name": "section1Right Container",
      "type": "container"
        },
           {
      "id": "section2",
      "name": "section2 Container",
      "type": "container"
        },
         {
      "id": "section2VideoWrap",
      "name": "section2Video Container",
      "type": "container"
        },
         {
      "id": "section3",
      "name": "section3 Container",
      "type": "container"
        },
         {
      "id": "section4",
      "name": "section4 Container",
      "type": "container"
        },
         {
      "id": "section5",
      "name": "section5 Container",
      "type": "container"
        },
       {
      "id": "section6",
      "name": "section6 Container",
      "type": "container"
        },
         {
      "id": "section6aBody",
      "name": "section6aBody Container",
      "type": "container"
        },
         {
      "id": "footer",
      "name": "footer Container",
      "type": "container"
        },





        {
      "id": "section1LeftText1",
      "name": "section1Left Text1",
      "type": "text"
        },
         {
      "id": "section1LeftText2",
      "name": "section1Left Text2",
      "type": "text"
        },
         {
      "id": "section1RightHead",
      "name": "section1Right Headline Text",
      "type": "text"
        },
        {
      "id": "setion1RightSubHead",
      "name": "section1Right Subheadline Text",
      "type": "text"
        },
        {
      "id": "section2Headline",
      "name": "section2Head headline Text",
      "type": "text"
        },

           {
      "id": "section3List",
      "name": "section 3 List",
      "type": "text"
        },
          {
      "id": "section4List",
      "name": "section 4 List",
      "type": "text"
        },
         {
      "id": "section5List",
      "name": "section 5 List",
      "type": "text"
        },
         {
      "id": "section6aHeadline",
      "name": "section6aHeadline Text",
      "type": "text"
        },
         {
      "id": "section6aBodyHead1",
      "name": "section6aBodyHeadline Text",
      "type": "text"
        },
          {
      "id": "section6aBodyHead2",
      "name": "section6aBodyHeadline2 Text",
      "type": "text"
        },
          {
      "id": "section6aBodyHead3",
      "name": "section6aBodyHeadline3 Text",
      "type": "text"
        },
          {
      "id": "section6aBodyHead4",
      "name": "section6aBodyHeadline4 Text",
      "type": "text"
        },
        {
      "id": "section6aBodyStrong1",
      "name": "section6aBody Bold Text 1",
      "type": "text"
        },
        {
      "id": "section6aBodyStrong2",
      "name": "section6aBody Bold Text 2",
      "type": "text"
        },
        {
      "id": "section6aBodyStrong3",
      "name": "section6aBody Bold Text 3",
      "type": "text"
        },
        {
      "id": "section6aBodyStrong4",
      "name": "section6aBody Bold Text 4",
      "type": "text"
        },
        {
      "id": "section6aBodyBody1",
      "name": "section6aBodyBody Text 1",
      "type": "text"
        },
        {
      "id": "section6aBodyBody2",
      "name": "section6aBodyBody Text 2",
      "type": "text"
        },
        {
      "id": "section6aBodyBody3",
      "name": "section6aBodyBody Text 3",
      "type": "text"
        },
        {
      "id": "section6aBodyBody4",
      "name": "section6aBodyBody Text 4",
      "type": "text"
        },
         {
      "id": "copyright",
      "name": "copyright Text",
      "type": "text"
        },
        {
      "id": "footerLinks",
      "name": "footerLinks List",
      "type": "text"
        },







   
        {
      "id": "headerRightLink1",
      "name": "Header Link",
      "type": "link"
        },





         {
      "id": "section2AtcImg",
      "name": "section2 Atc Image",
      "type": "image-link"
        },
         {
      "id": "section3AtcImg",
      "name": "section3 Atc Image",
      "type": "image-link"
        },

         {
      "id": "section4AtcImg",
      "name": "section4 Atc Image",
      "type": "image-link"
        },

         {
      "id": "section5AtcImg",
      "name": "section5 Atc Image",
      "type": "image-link"
        },





         {
      "id": "section1LeftImg",
      "name": "section1Left Image",
      "type": "image"
        },
          {
      "id": "section1RightImg",
      "name": "section1RightImg Image",
      "type": "image"
        },
         {
      "id": "section6aImg",
      "name": "section6a Image",
      "type": "image"
        },
        {
      "id": "section6aBodyImg1",
      "name": "section6aBody Image 1",
      "type": "image"
        },   
        {
      "id": "section6aBodyImg2",
      "name": "section6aBody Image 2",
      "type": "image"
        }, 
         {
      "id": "section6aBodyImg3",
      "name": "section6aBody Image 3",
      "type": "image"
        },   
         {
      "id": "section6aBodyImg4",
      "name": "section6aBody Image 4",
      "type": "image"
        },   
          {
      "id": "section7aImg",
      "name": "section7a Image",
      "type": "image"
        },     



            {
      "id": "section2Video",
      "name": "section 2 Video",
      "type": "video"
        },



        {
        "id": "displayMoment",
      "name": "Date Dislay",
      "type": "dynamic",
      "data": {
        "variables": ["plusPeriod","periodMeasure"],
        "default":"2, days"
          }
       }   

	]
}


